{
  "0": {
    "precision": 0.78839590443686,
    "recall": 0.6834319526627219,
    "f1-score": 0.7321711568938193,
    "support": 338.0
  },
  "1": {
    "precision": 0.720626631853786,
    "recall": 0.8165680473372781,
    "f1-score": 0.7656033287101248,
    "support": 338.0
  },
  "accuracy": 0.75,
  "macro avg": {
    "precision": 0.754511268145323,
    "recall": 0.75,
    "f1-score": 0.748887242801972,
    "support": 676.0
  },
  "weighted avg": {
    "precision": 0.754511268145323,
    "recall": 0.75,
    "f1-score": 0.748887242801972,
    "support": 676.0
  }
}