{
  "0": {
    "precision": 0.5117647058823529,
    "recall": 0.258160237388724,
    "f1-score": 0.3431952662721893,
    "support": 337.0
  },
  "1": {
    "precision": 0.38095238095238093,
    "recall": 0.023809523809523808,
    "f1-score": 0.04481792717086835,
    "support": 336.0
  },
  "2": {
    "precision": 0.0,
    "recall": 0.0,
    "f1-score": 0.0,
    "support": 0.0
  },
  "accuracy": 0.1411589895988113,
  "macro avg": {
    "precision": 0.29757236227824463,
    "recall": 0.09398992039941594,
    "f1-score": 0.1293377311476859,
    "support": 673.0
  },
  "weighted avg": {
    "precision": 0.4464557293942837,
    "recall": 0.14115898959881126,
    "f1-score": 0.1942282737936695,
    "support": 673.0
  }
}