{
  "0": {
    "precision": 0.9014598540145985,
    "recall": 0.7307692307692307,
    "f1-score": 0.8071895424836601,
    "support": 338.0
  },
  "1": {
    "precision": 0.45528455284552843,
    "recall": 0.16568047337278108,
    "f1-score": 0.24295010845986983,
    "support": 338.0
  },
  "2": {
    "precision": 0.0,
    "recall": 0.0,
    "f1-score": 0.0,
    "support": 0.0
  },
  "accuracy": 0.44822485207100593,
  "macro avg": {
    "precision": 0.4522481356200423,
    "recall": 0.2988165680473373,
    "f1-score": 0.35004655031451,
    "support": 676.0
  },
  "weighted avg": {
    "precision": 0.6783722034300634,
    "recall": 0.44822485207100593,
    "f1-score": 0.525069825471765,
    "support": 676.0
  }
}