{
  "0": {
    "precision": 0.7740384615384616,
    "recall": 0.47774480712166173,
    "f1-score": 0.5908256880733945,
    "support": 337.0
  },
  "1": {
    "precision": 0.47540983606557374,
    "recall": 0.25892857142857145,
    "f1-score": 0.3352601156069364,
    "support": 336.0
  },
  "2": {
    "precision": 0.0,
    "recall": 0.0,
    "f1-score": 0.0,
    "support": 0.0
  },
  "accuracy": 0.3684992570579495,
  "macro avg": {
    "precision": 0.41648276586801175,
    "recall": 0.24555779285007773,
    "f1-score": 0.30869526789344365,
    "support": 673.0
  },
  "weighted avg": {
    "precision": 0.6249460125653705,
    "recall": 0.3684992570579495,
    "f1-score": 0.4632327722506161,
    "support": 673.0
  }
}