{
  "0": {
    "precision": 0.714859437751004,
    "recall": 0.7946428571428571,
    "f1-score": 0.7526427061310782,
    "support": 224.0
  },
  "1": {
    "precision": 0.6328502415458938,
    "recall": 0.5822222222222222,
    "f1-score": 0.6064814814814815,
    "support": 225.0
  },
  "2": {
    "precision": 0.8356164383561644,
    "recall": 0.8097345132743363,
    "f1-score": 0.8224719101123595,
    "support": 226.0
  },
  "accuracy": 0.7288888888888889,
  "macro avg": {
    "precision": 0.7277753725510209,
    "recall": 0.7288665308798054,
    "f1-score": 0.7271986992416397,
    "support": 675.0
  },
  "weighted avg": {
    "precision": 0.7279542718111766,
    "recall": 0.7288888888888889,
    "f1-score": 0.7273021499142046,
    "support": 675.0
  }
}