{
  "0": {
    "precision": 0.3548387096774194,
    "recall": 0.5866666666666667,
    "f1-score": 0.44221105527638194,
    "support": 225.0
  },
  "1": {
    "precision": 0.16666666666666666,
    "recall": 0.01327433628318584,
    "f1-score": 0.02459016393442623,
    "support": 226.0
  },
  "2": {
    "precision": 0.43006993006993005,
    "recall": 0.5466666666666666,
    "f1-score": 0.48140900195694714,
    "support": 225.0
  },
  "accuracy": 0.3816568047337278,
  "macro avg": {
    "precision": 0.317191768804672,
    "recall": 0.38220255653883967,
    "f1-score": 0.3160700737225851,
    "support": 676.0
  },
  "weighted avg": {
    "precision": 0.3169690985352371,
    "recall": 0.3816568047337278,
    "f1-score": 0.31563889042408194,
    "support": 676.0
  }
}