{
  "0": {
    "precision": 0.9242424242424242,
    "recall": 0.9023668639053254,
    "f1-score": 0.9131736526946108,
    "support": 338.0
  },
  "1": {
    "precision": 0.9046242774566474,
    "recall": 0.9260355029585798,
    "f1-score": 0.9152046783625731,
    "support": 338.0
  },
  "accuracy": 0.9142011834319527,
  "macro avg": {
    "precision": 0.9144333508495358,
    "recall": 0.9142011834319526,
    "f1-score": 0.914189165528592,
    "support": 676.0
  },
  "weighted avg": {
    "precision": 0.9144333508495358,
    "recall": 0.9142011834319527,
    "f1-score": 0.9141891655285919,
    "support": 676.0
  }
}