{
  "0": {
    "precision": 0.36097560975609755,
    "recall": 0.6577777777777778,
    "f1-score": 0.46614173228346456,
    "support": 225.0
  },
  "1": {
    "precision": 0.10526315789473684,
    "recall": 0.008888888888888889,
    "f1-score": 0.01639344262295082,
    "support": 225.0
  },
  "2": {
    "precision": 0.41295546558704455,
    "recall": 0.45132743362831856,
    "f1-score": 0.4312896405919662,
    "support": 226.0
  },
  "accuracy": 0.3727810650887574,
  "macro avg": {
    "precision": 0.2930647444126263,
    "recall": 0.37266470009832836,
    "f1-score": 0.3046082718327939,
    "support": 676.0
  },
  "weighted avg": {
    "precision": 0.29324209755045827,
    "recall": 0.3727810650887574,
    "f1-score": 0.30479567030728966,
    "support": 676.0
  }
}