{
  "0": {
    "precision": 0.6484149855907781,
    "recall": 0.6676557863501483,
    "f1-score": 0.6578947368421053,
    "support": 337.0
  },
  "1": {
    "precision": 0.656441717791411,
    "recall": 0.6369047619047619,
    "f1-score": 0.6465256797583081,
    "support": 336.0
  },
  "accuracy": 0.6523031203566122,
  "macro avg": {
    "precision": 0.6524283516910946,
    "recall": 0.6522802741274552,
    "f1-score": 0.6522102083002067,
    "support": 673.0
  },
  "weighted avg": {
    "precision": 0.6524223882942144,
    "recall": 0.6523031203566122,
    "f1-score": 0.652218654850789,
    "support": 673.0
  }
}