{
  "0": {
    "precision": 0.3761755485893417,
    "recall": 0.5333333333333333,
    "f1-score": 0.4411764705882353,
    "support": 225.0
  },
  "1": {
    "precision": 0.34782608695652173,
    "recall": 0.3185840707964602,
    "f1-score": 0.3325635103926097,
    "support": 226.0
  },
  "2": {
    "precision": 0.36,
    "recall": 0.24,
    "f1-score": 0.288,
    "support": 225.0
  },
  "accuracy": 0.363905325443787,
  "macro avg": {
    "precision": 0.36133387851528775,
    "recall": 0.3639724680432645,
    "f1-score": 0.353913326993615,
    "support": 676.0
  },
  "weighted avg": {
    "precision": 0.3613138965751121,
    "recall": 0.363905325443787,
    "f1-score": 0.35388174442467857,
    "support": 676.0
  }
}