{
  "0": {
    "precision": 0.8353293413173652,
    "recall": 0.8254437869822485,
    "f1-score": 0.8303571428571429,
    "support": 338.0
  },
  "1": {
    "precision": 0.8269794721407625,
    "recall": 0.8367952522255193,
    "f1-score": 0.831858407079646,
    "support": 337.0
  },
  "accuracy": 0.8311111111111111,
  "macro avg": {
    "precision": 0.8311544067290639,
    "recall": 0.8311195196038839,
    "f1-score": 0.8311077749683944,
    "support": 675.0
  },
  "weighted avg": {
    "precision": 0.8311605918173427,
    "recall": 0.8311111111111111,
    "f1-score": 0.8311066629208222,
    "support": 675.0
  }
}