{
  "0": {
    "precision": 0.5178571428571429,
    "recall": 0.08605341246290801,
    "f1-score": 0.1475826972010178,
    "support": 337.0
  },
  "1": {
    "precision": 0.49473684210526314,
    "recall": 0.27976190476190477,
    "f1-score": 0.3574144486692015,
    "support": 336.0
  },
  "2": {
    "precision": 0.0,
    "recall": 0.0,
    "f1-score": 0.0,
    "support": 0.0
  },
  "accuracy": 0.1827637444279346,
  "macro avg": {
    "precision": 0.33753132832080207,
    "recall": 0.12193843907493758,
    "f1-score": 0.1683323819567398,
    "support": 673.0
  },
  "weighted avg": {
    "precision": 0.5063141695248523,
    "recall": 0.1827637444279346,
    "f1-score": 0.25234268010340966,
    "support": 673.0
  }
}