{
  "0": {
    "precision": 0.7801724137931034,
    "recall": 0.5370919881305638,
    "f1-score": 0.6362038664323374,
    "support": 337.0
  },
  "1": {
    "precision": 0.48186528497409326,
    "recall": 0.2767857142857143,
    "f1-score": 0.3516068052930057,
    "support": 336.0
  },
  "2": {
    "precision": 0.0,
    "recall": 0.0,
    "f1-score": 0.0,
    "support": 0.0
  },
  "accuracy": 0.40713224368499257,
  "macro avg": {
    "precision": 0.4206792329223989,
    "recall": 0.2712925674720927,
    "f1-score": 0.3292702239084477,
    "support": 673.0
  },
  "weighted avg": {
    "precision": 0.6312404742935679,
    "recall": 0.40713224368499257,
    "f1-score": 0.49411677498684636,
    "support": 673.0
  }
}