{
  "0": {
    "precision": 0.9235474006116208,
    "recall": 0.893491124260355,
    "f1-score": 0.9082706766917293,
    "support": 338.0
  },
  "1": {
    "precision": 0.8968481375358166,
    "recall": 0.9260355029585798,
    "f1-score": 0.9112081513828238,
    "support": 338.0
  },
  "accuracy": 0.9097633136094675,
  "macro avg": {
    "precision": 0.9101977690737186,
    "recall": 0.9097633136094674,
    "f1-score": 0.9097394140372765,
    "support": 676.0
  },
  "weighted avg": {
    "precision": 0.9101977690737187,
    "recall": 0.9097633136094675,
    "f1-score": 0.9097394140372765,
    "support": 676.0
  }
}