{
  "0": {
    "precision": 0.8859315589353612,
    "recall": 0.6893491124260355,
    "f1-score": 0.7753743760399334,
    "support": 338.0
  },
  "1": {
    "precision": 0.46153846153846156,
    "recall": 0.23076923076923078,
    "f1-score": 0.3076923076923077,
    "support": 338.0
  },
  "2": {
    "precision": 0.0,
    "recall": 0.0,
    "f1-score": 0.0,
    "support": 0.0
  },
  "accuracy": 0.46005917159763315,
  "macro avg": {
    "precision": 0.44915667349127425,
    "recall": 0.30670611439842205,
    "f1-score": 0.36102222791074706,
    "support": 676.0
  },
  "weighted avg": {
    "precision": 0.6737350102369114,
    "recall": 0.46005917159763315,
    "f1-score": 0.5415333418661206,
    "support": 676.0
  }
}