{
  "0": {
    "precision": 0.5517241379310345,
    "recall": 0.07111111111111111,
    "f1-score": 0.12598425196850394,
    "support": 225.0
  },
  "1": {
    "precision": 0.3789954337899543,
    "recall": 0.3672566371681416,
    "f1-score": 0.37303370786516854,
    "support": 226.0
  },
  "2": {
    "precision": 0.4135514018691589,
    "recall": 0.7866666666666666,
    "f1-score": 0.5421133231240429,
    "support": 225.0
  },
  "accuracy": 0.40828402366863903,
  "macro avg": {
    "precision": 0.4480903245300492,
    "recall": 0.4083448049819731,
    "f1-score": 0.34704376098590517,
    "support": 676.0
  },
  "weighted avg": {
    "precision": 0.4479881131532148,
    "recall": 0.40828402366863903,
    "f1-score": 0.34708220765288633,
    "support": 676.0
  }
}