{
  "0": {
    "precision": 0.3663663663663664,
    "recall": 0.5422222222222223,
    "f1-score": 0.43727598566308246,
    "support": 225.0
  },
  "1": {
    "precision": 0.3487394957983193,
    "recall": 0.3672566371681416,
    "f1-score": 0.3577586206896552,
    "support": 226.0
  },
  "2": {
    "precision": 0.4095238095238095,
    "recall": 0.19111111111111112,
    "f1-score": 0.2606060606060606,
    "support": 225.0
  },
  "accuracy": 0.3668639053254438,
  "macro avg": {
    "precision": 0.37487655722949836,
    "recall": 0.36686332350049167,
    "f1-score": 0.3518802223195994,
    "support": 676.0
  },
  "weighted avg": {
    "precision": 0.3748378929374404,
    "recall": 0.3668639053254438,
    "f1-score": 0.3518889181751764,
    "support": 676.0
  }
}