{
  "0": {
    "precision": 0.41081081081081083,
    "recall": 0.3377777777777778,
    "f1-score": 0.37073170731707317,
    "support": 225.0
  },
  "1": {
    "precision": 0.34686346863468637,
    "recall": 0.4177777777777778,
    "f1-score": 0.3790322580645161,
    "support": 225.0
  },
  "2": {
    "precision": 0.45454545454545453,
    "recall": 0.4424778761061947,
    "f1-score": 0.4484304932735426,
    "support": 226.0
  },
  "accuracy": 0.3994082840236686,
  "macro avg": {
    "precision": 0.4040732446636506,
    "recall": 0.3993444772205834,
    "f1-score": 0.39939815288504393,
    "support": 676.0
  },
  "weighted avg": {
    "precision": 0.4041479076960201,
    "recall": 0.3994082840236686,
    "f1-score": 0.3994706859329559,
    "support": 676.0
  }
}