{
  "0": {
    "precision": 0.7032640949554896,
    "recall": 0.7032640949554896,
    "f1-score": 0.7032640949554896,
    "support": 337.0
  },
  "1": {
    "precision": 0.7023809523809523,
    "recall": 0.7023809523809523,
    "f1-score": 0.7023809523809523,
    "support": 336.0
  },
  "accuracy": 0.7028231797919762,
  "macro avg": {
    "precision": 0.702822523668221,
    "recall": 0.702822523668221,
    "f1-score": 0.702822523668221,
    "support": 673.0
  },
  "weighted avg": {
    "precision": 0.7028231797919762,
    "recall": 0.7028231797919762,
    "f1-score": 0.7028231797919762,
    "support": 673.0
  }
}