{
  "0": {
    "precision": 0.8181818181818182,
    "recall": 0.34615384615384615,
    "f1-score": 0.4864864864864865,
    "support": 338.0
  },
  "1": {
    "precision": 0.3684210526315789,
    "recall": 0.20710059171597633,
    "f1-score": 0.26515151515151514,
    "support": 338.0
  },
  "2": {
    "precision": 0.0,
    "recall": 0.0,
    "f1-score": 0.0,
    "support": 0.0
  },
  "accuracy": 0.27662721893491127,
  "macro avg": {
    "precision": 0.39553429027113235,
    "recall": 0.18441814595660752,
    "f1-score": 0.25054600054600057,
    "support": 676.0
  },
  "weighted avg": {
    "precision": 0.5933014354066987,
    "recall": 0.27662721893491127,
    "f1-score": 0.3758190008190008,
    "support": 676.0
  }
}