{
  "0": {
    "precision": 0.7854785478547854,
    "recall": 0.7041420118343196,
    "f1-score": 0.7425897035881436,
    "support": 338.0
  },
  "1": {
    "precision": 0.7319034852546917,
    "recall": 0.8076923076923077,
    "f1-score": 0.7679324894514767,
    "support": 338.0
  },
  "accuracy": 0.7559171597633136,
  "macro avg": {
    "precision": 0.7586910165547386,
    "recall": 0.7559171597633136,
    "f1-score": 0.7552610965198101,
    "support": 676.0
  },
  "weighted avg": {
    "precision": 0.7586910165547385,
    "recall": 0.7559171597633136,
    "f1-score": 0.7552610965198102,
    "support": 676.0
  }
}