{
  "0": {
    "precision": 0.7394957983193278,
    "recall": 0.7857142857142857,
    "f1-score": 0.7619047619047619,
    "support": 224.0
  },
  "1": {
    "precision": 0.6217391304347826,
    "recall": 0.6355555555555555,
    "f1-score": 0.6285714285714286,
    "support": 225.0
  },
  "2": {
    "precision": 0.8695652173913043,
    "recall": 0.7964601769911505,
    "f1-score": 0.8314087759815243,
    "support": 226.0
  },
  "accuracy": 0.7392592592592593,
  "macro avg": {
    "precision": 0.7436000487151383,
    "recall": 0.7392433394203306,
    "f1-score": 0.7406283221525717,
    "support": 675.0
  },
  "weighted avg": {
    "precision": 0.7437927441508004,
    "recall": 0.7392592592592593,
    "f1-score": 0.740731291062315,
    "support": 675.0
  }
}