{
  "0": {
    "precision": 0.8028571428571428,
    "recall": 0.8313609467455622,
    "f1-score": 0.8168604651162791,
    "support": 338.0
  },
  "1": {
    "precision": 0.8246153846153846,
    "recall": 0.7952522255192879,
    "f1-score": 0.8096676737160121,
    "support": 337.0
  },
  "accuracy": 0.8133333333333334,
  "macro avg": {
    "precision": 0.8137362637362637,
    "recall": 0.813306586132425,
    "f1-score": 0.8132640694161456,
    "support": 675.0
  },
  "weighted avg": {
    "precision": 0.8137201465201465,
    "recall": 0.8133333333333334,
    "f1-score": 0.8132693974097754,
    "support": 675.0
  }
}