{
  "0": {
    "precision": 0.8033707865168539,
    "recall": 0.8461538461538461,
    "f1-score": 0.8242074927953891,
    "support": 338.0
  },
  "1": {
    "precision": 0.8369905956112853,
    "recall": 0.7922848664688428,
    "f1-score": 0.8140243902439024,
    "support": 337.0
  },
  "accuracy": 0.8192592592592592,
  "macro avg": {
    "precision": 0.8201806910640697,
    "recall": 0.8192193563113445,
    "f1-score": 0.8191159415196457,
    "support": 675.0
  },
  "weighted avg": {
    "precision": 0.8201557875017773,
    "recall": 0.8192592592592592,
    "f1-score": 0.8191234845585728,
    "support": 675.0
  }
}