{
  "0": {
    "precision": 0.5581395348837209,
    "recall": 0.0712166172106825,
    "f1-score": 0.12631578947368421,
    "support": 337.0
  },
  "1": {
    "precision": 0.5083798882681564,
    "recall": 0.2708333333333333,
    "f1-score": 0.3533980582524272,
    "support": 336.0
  },
  "2": {
    "precision": 0.0,
    "recall": 0.0,
    "f1-score": 0.0,
    "support": 0.0
  },
  "accuracy": 0.17087667161961367,
  "macro avg": {
    "precision": 0.3555064743839591,
    "recall": 0.11401665018133861,
    "f1-score": 0.1599046159087038,
    "support": 673.0
  },
  "weighted avg": {
    "precision": 0.5332966801098283,
    "recall": 0.17087667161961367,
    "f1-score": 0.23968821489665249,
    "support": 673.0
  }
}