{
  "0": {
    "precision": 0.7142857142857143,
    "recall": 0.22189349112426035,
    "f1-score": 0.33860045146726864,
    "support": 338.0
  },
  "1": {
    "precision": 0.35738831615120276,
    "recall": 0.3076923076923077,
    "f1-score": 0.33068362480127184,
    "support": 338.0
  },
  "2": {
    "precision": 0.0,
    "recall": 0.0,
    "f1-score": 0.0,
    "support": 0.0
  },
  "accuracy": 0.26479289940828404,
  "macro avg": {
    "precision": 0.3572246768123057,
    "recall": 0.1765285996055227,
    "f1-score": 0.2230946920895135,
    "support": 676.0
  },
  "weighted avg": {
    "precision": 0.5358370152184585,
    "recall": 0.26479289940828404,
    "f1-score": 0.33464203813427024,
    "support": 676.0
  }
}