{
  "0": {
    "precision": 0.38079470198675497,
    "recall": 0.5111111111111111,
    "f1-score": 0.4364326375711575,
    "support": 225.0
  },
  "1": {
    "precision": 0.36444444444444446,
    "recall": 0.36283185840707965,
    "f1-score": 0.36363636363636365,
    "support": 226.0
  },
  "2": {
    "precision": 0.40939597315436244,
    "recall": 0.27111111111111114,
    "f1-score": 0.32620320855614976,
    "support": 225.0
  },
  "accuracy": 0.3816568047337278,
  "macro avg": {
    "precision": 0.38487837319518725,
    "recall": 0.38168469354310064,
    "f1-score": 0.3754240699212236,
    "support": 676.0
  },
  "weighted avg": {
    "precision": 0.38484814548993473,
    "recall": 0.3816568047337278,
    "f1-score": 0.375406632485891,
    "support": 676.0
  }
}