{
  "0": {
    "precision": 0.8021978021978022,
    "recall": 0.6479289940828402,
    "f1-score": 0.7168576104746317,
    "support": 338.0
  },
  "1": {
    "precision": 0.7047146401985112,
    "recall": 0.8402366863905325,
    "f1-score": 0.766531713900135,
    "support": 338.0
  },
  "accuracy": 0.7440828402366864,
  "macro avg": {
    "precision": 0.7534562211981567,
    "recall": 0.7440828402366864,
    "f1-score": 0.7416946621873833,
    "support": 676.0
  },
  "weighted avg": {
    "precision": 0.7534562211981567,
    "recall": 0.7440828402366864,
    "f1-score": 0.7416946621873833,
    "support": 676.0
  }
}