{
  "0": {
    "precision": 0.8102564102564103,
    "recall": 0.4688427299703264,
    "f1-score": 0.5939849624060151,
    "support": 337.0
  },
  "1": {
    "precision": 0.4854368932038835,
    "recall": 0.2976190476190476,
    "f1-score": 0.36900369003690037,
    "support": 336.0
  },
  "2": {
    "precision": 0.0,
    "recall": 0.0,
    "f1-score": 0.0,
    "support": 0.0
  },
  "accuracy": 0.3833580980683507,
  "macro avg": {
    "precision": 0.4318977678200979,
    "recall": 0.25548725919645804,
    "f1-score": 0.3209962174809718,
    "support": 673.0
  },
  "weighted avg": {
    "precision": 0.6480879738081947,
    "recall": 0.3833580980683507,
    "f1-score": 0.48166147426928024,
    "support": 673.0
  }
}