{
  "0": {
    "precision": 0.6756756756756757,
    "recall": 0.1111111111111111,
    "f1-score": 0.19083969465648856,
    "support": 225.0
  },
  "1": {
    "precision": 0.4321608040201005,
    "recall": 0.3805309734513274,
    "f1-score": 0.4047058823529412,
    "support": 226.0
  },
  "2": {
    "precision": 0.4431818181818182,
    "recall": 0.8666666666666667,
    "f1-score": 0.5864661654135338,
    "support": 225.0
  },
  "accuracy": 0.4526627218934911,
  "macro avg": {
    "precision": 0.5170060992925315,
    "recall": 0.45276958374303505,
    "f1-score": 0.3940039141409879,
    "support": 676.0
  },
  "weighted avg": {
    "precision": 0.5168805885007083,
    "recall": 0.4526627218934911,
    "f1-score": 0.39401974545491086,
    "support": 676.0
  }
}