{
  "0": {
    "precision": 0.9226804123711341,
    "recall": 0.5295857988165681,
    "f1-score": 0.6729323308270677,
    "support": 338.0
  },
  "1": {
    "precision": 0.35175879396984927,
    "recall": 0.20710059171597633,
    "f1-score": 0.260707635009311,
    "support": 338.0
  },
  "2": {
    "precision": 0.0,
    "recall": 0.0,
    "f1-score": 0.0,
    "support": 0.0
  },
  "accuracy": 0.3683431952662722,
  "macro avg": {
    "precision": 0.42481306878032776,
    "recall": 0.24556213017751483,
    "f1-score": 0.3112133219454596,
    "support": 676.0
  },
  "weighted avg": {
    "precision": 0.6372196031704916,
    "recall": 0.3683431952662722,
    "f1-score": 0.4668199829181893,
    "support": 676.0
  }
}