{
  "0": {
    "precision": 0.9014925373134328,
    "recall": 0.893491124260355,
    "f1-score": 0.8974739970282318,
    "support": 338.0
  },
  "1": {
    "precision": 0.8944281524926686,
    "recall": 0.9023668639053254,
    "f1-score": 0.898379970544919,
    "support": 338.0
  },
  "accuracy": 0.8979289940828402,
  "macro avg": {
    "precision": 0.8979603449030507,
    "recall": 0.8979289940828402,
    "f1-score": 0.8979269837865754,
    "support": 676.0
  },
  "weighted avg": {
    "precision": 0.8979603449030507,
    "recall": 0.8979289940828402,
    "f1-score": 0.8979269837865755,
    "support": 676.0
  }
}