{
  "0": {
    "precision": 0.6784741144414169,
    "recall": 0.7388724035608308,
    "f1-score": 0.7073863636363636,
    "support": 337.0
  },
  "1": {
    "precision": 0.7124183006535948,
    "recall": 0.6488095238095238,
    "f1-score": 0.6791277258566978,
    "support": 336.0
  },
  "accuracy": 0.6939078751857355,
  "macro avg": {
    "precision": 0.6954462075475059,
    "recall": 0.6938409636851773,
    "f1-score": 0.6932570447465307,
    "support": 673.0
  },
  "weighted avg": {
    "precision": 0.6954209889841981,
    "recall": 0.6939078751857355,
    "f1-score": 0.6932780392768277,
    "support": 673.0
  }
}