{
  "0": {
    "precision": 0.42290748898678415,
    "recall": 0.4266666666666667,
    "f1-score": 0.4247787610619469,
    "support": 225.0
  },
  "1": {
    "precision": 0.3598130841121495,
    "recall": 0.3422222222222222,
    "f1-score": 0.35079726651480636,
    "support": 225.0
  },
  "2": {
    "precision": 0.44680851063829785,
    "recall": 0.4646017699115044,
    "f1-score": 0.455531453362256,
    "support": 226.0
  },
  "accuracy": 0.41124260355029585,
  "macro avg": {
    "precision": 0.40984302791241056,
    "recall": 0.41116355293346446,
    "f1-score": 0.4103691603130031,
    "support": 676.0
  },
  "weighted avg": {
    "precision": 0.40989771057916485,
    "recall": 0.41124260355029585,
    "f1-score": 0.41043596843881563,
    "support": 676.0
  }
}