{
  "0": {
    "precision": 0.7245762711864406,
    "recall": 0.7633928571428571,
    "f1-score": 0.7434782608695653,
    "support": 224.0
  },
  "1": {
    "precision": 0.6304347826086957,
    "recall": 0.6444444444444445,
    "f1-score": 0.6373626373626373,
    "support": 225.0
  },
  "2": {
    "precision": 0.8708133971291866,
    "recall": 0.8053097345132744,
    "f1-score": 0.8367816091954023,
    "support": 226.0
  },
  "accuracy": 0.7377777777777778,
  "macro avg": {
    "precision": 0.741941483641441,
    "recall": 0.7377156787001921,
    "f1-score": 0.7392075024758683,
    "support": 675.0
  },
  "weighted avg": {
    "precision": 0.7421581312354303,
    "recall": 0.7377777777777778,
    "f1-score": 0.7393457296585731,
    "support": 675.0
  }
}