{
  "0": {
    "precision": 0.9714285714285714,
    "recall": 0.9053254437869822,
    "f1-score": 0.9372128637059725,
    "support": 338.0
  },
  "1": {
    "precision": 0.9113573407202216,
    "recall": 0.9733727810650887,
    "f1-score": 0.9413447782546495,
    "support": 338.0
  },
  "accuracy": 0.9393491124260355,
  "macro avg": {
    "precision": 0.9413929560743965,
    "recall": 0.9393491124260355,
    "f1-score": 0.9392788209803109,
    "support": 676.0
  },
  "weighted avg": {
    "precision": 0.9413929560743964,
    "recall": 0.9393491124260355,
    "f1-score": 0.9392788209803111,
    "support": 676.0
  }
}