{
  "0": {
    "precision": 0.4666666666666667,
    "recall": 0.06222222222222222,
    "f1-score": 0.10980392156862745,
    "support": 225.0
  },
  "1": {
    "precision": 0.3372093023255814,
    "recall": 0.12831858407079647,
    "f1-score": 0.1858974358974359,
    "support": 226.0
  },
  "2": {
    "precision": 0.375,
    "recall": 0.9333333333333333,
    "f1-score": 0.535031847133758,
    "support": 225.0
  },
  "accuracy": 0.3742603550295858,
  "macro avg": {
    "precision": 0.3929586563307494,
    "recall": 0.37462471320878404,
    "f1-score": 0.27691106819994044,
    "support": 676.0
  },
  "weighted avg": {
    "precision": 0.39287618687216186,
    "recall": 0.3742603550295858,
    "f1-score": 0.27677643264919705,
    "support": 676.0
  }
}