{
  "0": {
    "precision": 0.931899641577061,
    "recall": 0.7692307692307693,
    "f1-score": 0.8427876823338736,
    "support": 338.0
  },
  "1": {
    "precision": 0.45,
    "recall": 0.15976331360946747,
    "f1-score": 0.23580786026200873,
    "support": 338.0
  },
  "2": {
    "precision": 0.0,
    "recall": 0.0,
    "f1-score": 0.0,
    "support": 0.0
  },
  "accuracy": 0.46449704142011833,
  "macro avg": {
    "precision": 0.46063321385902034,
    "recall": 0.3096646942800789,
    "f1-score": 0.3595318475319608,
    "support": 676.0
  },
  "weighted avg": {
    "precision": 0.6909498207885305,
    "recall": 0.46449704142011833,
    "f1-score": 0.5392977712979411,
    "support": 676.0
  }
}