{
  "0": {
    "precision": 0.8461538461538461,
    "recall": 0.8461538461538461,
    "f1-score": 0.8461538461538461,
    "support": 338.0
  },
  "1": {
    "precision": 0.8456973293768546,
    "recall": 0.8456973293768546,
    "f1-score": 0.8456973293768546,
    "support": 337.0
  },
  "accuracy": 0.845925925925926,
  "macro avg": {
    "precision": 0.8459255877653504,
    "recall": 0.8459255877653504,
    "f1-score": 0.8459255877653504,
    "support": 675.0
  },
  "weighted avg": {
    "precision": 0.845925925925926,
    "recall": 0.845925925925926,
    "f1-score": 0.845925925925926,
    "support": 675.0
  }
}