{
  "0": {
    "precision": 0.8095238095238095,
    "recall": 0.4035608308605341,
    "f1-score": 0.5386138613861386,
    "support": 337.0
  },
  "1": {
    "precision": 0.398989898989899,
    "recall": 0.23511904761904762,
    "f1-score": 0.2958801498127341,
    "support": 336.0
  },
  "2": {
    "precision": 0.0,
    "recall": 0.0,
    "f1-score": 0.0,
    "support": 0.0
  },
  "accuracy": 0.31946508172362553,
  "macro avg": {
    "precision": 0.40283790283790283,
    "recall": 0.21289329282652725,
    "f1-score": 0.2781646703996243,
    "support": 673.0
  },
  "weighted avg": {
    "precision": 0.6045618571621543,
    "recall": 0.31946508172362553,
    "f1-score": 0.417427342680843,
    "support": 673.0
  }
}