{
  "0": {
    "precision": 0.37542662116040953,
    "recall": 0.4888888888888889,
    "f1-score": 0.4247104247104247,
    "support": 225.0
  },
  "1": {
    "precision": 0.375,
    "recall": 0.34513274336283184,
    "f1-score": 0.35944700460829493,
    "support": 226.0
  },
  "2": {
    "precision": 0.4228571428571429,
    "recall": 0.3288888888888889,
    "f1-score": 0.37,
    "support": 225.0
  },
  "accuracy": 0.3875739644970414,
  "macro avg": {
    "precision": 0.3910945880058508,
    "recall": 0.38763684038020313,
    "f1-score": 0.38471914310623995,
    "support": 676.0
  },
  "weighted avg": {
    "precision": 0.391070779443712,
    "recall": 0.3875739644970414,
    "f1-score": 0.38468175828597667,
    "support": 676.0
  }
}