{
  "0": {
    "precision": 0.8833333333333333,
    "recall": 0.3136094674556213,
    "f1-score": 0.462882096069869,
    "support": 338.0
  },
  "1": {
    "precision": 0.23684210526315788,
    "recall": 0.07988165680473373,
    "f1-score": 0.11946902654867257,
    "support": 338.0
  },
  "2": {
    "precision": 0.0,
    "recall": 0.0,
    "f1-score": 0.0,
    "support": 0.0
  },
  "accuracy": 0.19674556213017752,
  "macro avg": {
    "precision": 0.3733918128654971,
    "recall": 0.131163708086785,
    "f1-score": 0.1941170408728472,
    "support": 676.0
  },
  "weighted avg": {
    "precision": 0.5600877192982455,
    "recall": 0.19674556213017752,
    "f1-score": 0.2911755613092708,
    "support": 676.0
  }
}