{
  "0": {
    "precision": 0.44129554655870445,
    "recall": 0.48444444444444446,
    "f1-score": 0.461864406779661,
    "support": 225.0
  },
  "1": {
    "precision": 0.35185185185185186,
    "recall": 0.25333333333333335,
    "f1-score": 0.29457364341085274,
    "support": 225.0
  },
  "2": {
    "precision": 0.44569288389513106,
    "recall": 0.5265486725663717,
    "f1-score": 0.4827586206896552,
    "support": 226.0
  },
  "accuracy": 0.42159763313609466,
  "macro avg": {
    "precision": 0.41294676076856246,
    "recall": 0.42144215011471653,
    "f1-score": 0.4130655569600563,
    "support": 676.0
  },
  "weighted avg": {
    "precision": 0.4129952017791047,
    "recall": 0.42159763313609466,
    "f1-score": 0.41316865320817703,
    "support": 676.0
  }
}