{
  "0": {
    "precision": 0.726530612244898,
    "recall": 0.5281899109792285,
    "f1-score": 0.6116838487972509,
    "support": 337.0
  },
  "1": {
    "precision": 0.6285046728971962,
    "recall": 0.8005952380952381,
    "f1-score": 0.7041884816753927,
    "support": 336.0
  },
  "accuracy": 0.6641901931649331,
  "macro avg": {
    "precision": 0.6775176425710472,
    "recall": 0.6643925745372333,
    "f1-score": 0.6579361652363218,
    "support": 673.0
  },
  "weighted avg": {
    "precision": 0.6775904701634303,
    "recall": 0.6641901931649331,
    "f1-score": 0.6578674396546887,
    "support": 673.0
  }
}