{
  "0": {
    "precision": 0.8093922651933702,
    "recall": 0.8668639053254438,
    "f1-score": 0.8371428571428572,
    "support": 338.0
  },
  "1": {
    "precision": 0.856687898089172,
    "recall": 0.7958579881656804,
    "f1-score": 0.8251533742331288,
    "support": 338.0
  },
  "accuracy": 0.8313609467455622,
  "macro avg": {
    "precision": 0.8330400816412711,
    "recall": 0.831360946745562,
    "f1-score": 0.831148115687993,
    "support": 676.0
  },
  "weighted avg": {
    "precision": 0.8330400816412711,
    "recall": 0.8313609467455622,
    "f1-score": 0.831148115687993,
    "support": 676.0
  }
}