{
  "0": {
    "precision": 0.7511111111111111,
    "recall": 0.7544642857142857,
    "f1-score": 0.7527839643652561,
    "support": 224.0
  },
  "1": {
    "precision": 0.6406926406926406,
    "recall": 0.6577777777777778,
    "f1-score": 0.6491228070175439,
    "support": 225.0
  },
  "2": {
    "precision": 0.8721461187214612,
    "recall": 0.8451327433628318,
    "f1-score": 0.8584269662921349,
    "support": 226.0
  },
  "accuracy": 0.7525925925925926,
  "macro avg": {
    "precision": 0.7546499568417376,
    "recall": 0.7524582689516318,
    "f1-score": 0.7534445792249782,
    "support": 675.0
  },
  "weighted avg": {
    "precision": 0.7548292679641233,
    "recall": 0.7525925925925926,
    "f1-score": 0.7536010873759811,
    "support": 675.0
  }
}