{
  "0": {
    "precision": 0.3442622950819672,
    "recall": 0.06231454005934718,
    "f1-score": 0.10552763819095477,
    "support": 337.0
  },
  "1": {
    "precision": 0.5,
    "recall": 0.125,
    "f1-score": 0.2,
    "support": 336.0
  },
  "2": {
    "precision": 0.0,
    "recall": 0.0,
    "f1-score": 0.0,
    "support": 0.0
  },
  "accuracy": 0.09361069836552749,
  "macro avg": {
    "precision": 0.2814207650273224,
    "recall": 0.06243818001978239,
    "f1-score": 0.1018425460636516,
    "support": 673.0
  },
  "weighted avg": {
    "precision": 0.4220154434511485,
    "recall": 0.09361069836552749,
    "f1-score": 0.15269363160527752,
    "support": 673.0
  }
}