{
  "0": {
    "precision": 0.3560830860534125,
    "recall": 0.5333333333333333,
    "f1-score": 0.42704626334519574,
    "support": 225.0
  },
  "1": {
    "precision": 0.3631578947368421,
    "recall": 0.3053097345132743,
    "f1-score": 0.3317307692307692,
    "support": 226.0
  },
  "2": {
    "precision": 0.37583892617449666,
    "recall": 0.24888888888888888,
    "f1-score": 0.2994652406417112,
    "support": 225.0
  },
  "accuracy": 0.3624260355029586,
  "macro avg": {
    "precision": 0.36502663565491716,
    "recall": 0.36251065224516554,
    "f1-score": 0.3527474244058921,
    "support": 676.0
  },
  "weighted avg": {
    "precision": 0.36502387124527497,
    "recall": 0.3624260355029586,
    "f1-score": 0.35271633467930164,
    "support": 676.0
  }
}