{
  "0": {
    "precision": 0.8140703517587939,
    "recall": 0.4807121661721068,
    "f1-score": 0.6044776119402985,
    "support": 337.0
  },
  "1": {
    "precision": 0.41711229946524064,
    "recall": 0.23214285714285715,
    "f1-score": 0.2982791586998088,
    "support": 336.0
  },
  "2": {
    "precision": 0.0,
    "recall": 0.0,
    "f1-score": 0.0,
    "support": 0.0
  },
  "accuracy": 0.35661218424962854,
  "macro avg": {
    "precision": 0.4103942170746782,
    "recall": 0.237618341104988,
    "f1-score": 0.3009189235467024,
    "support": 673.0
  },
  "weighted avg": {
    "precision": 0.6158862424413587,
    "recall": 0.35661218424962854,
    "f1-score": 0.45160587302677024,
    "support": 673.0
  }
}