{
  "0": {
    "precision": 0.7619047619047619,
    "recall": 0.07111111111111111,
    "f1-score": 0.13008130081300814,
    "support": 225.0
  },
  "1": {
    "precision": 0.4268292682926829,
    "recall": 0.15486725663716813,
    "f1-score": 0.22727272727272727,
    "support": 226.0
  },
  "2": {
    "precision": 0.3682373472949389,
    "recall": 0.9377777777777778,
    "f1-score": 0.5288220551378446,
    "support": 225.0
  },
  "accuracy": 0.3875739644970414,
  "macro avg": {
    "precision": 0.5189904591641279,
    "recall": 0.3879187151753523,
    "f1-score": 0.2953920277411934,
    "support": 676.0
  },
  "weighted avg": {
    "precision": 0.518854126041537,
    "recall": 0.3875739644970414,
    "f1-score": 0.29529125954523405,
    "support": 676.0
  }
}