{
  "0": {
    "precision": 0.4098360655737705,
    "recall": 0.07418397626112759,
    "f1-score": 0.12562814070351758,
    "support": 337.0
  },
  "1": {
    "precision": 0.46153846153846156,
    "recall": 0.17857142857142858,
    "f1-score": 0.2575107296137339,
    "support": 336.0
  },
  "2": {
    "precision": 0.0,
    "recall": 0.0,
    "f1-score": 0.0,
    "support": 0.0
  },
  "accuracy": 0.1263001485884101,
  "macro avg": {
    "precision": 0.29045817570407734,
    "recall": 0.08425180161085205,
    "f1-score": 0.12771295677241715,
    "support": 673.0
  },
  "weighted avg": {
    "precision": 0.43564885167204126,
    "recall": 0.1263001485884101,
    "f1-score": 0.1914714540375929,
    "support": 673.0
  }
}