{
  "0": {
    "precision": 0.9429429429429429,
    "recall": 0.9289940828402367,
    "f1-score": 0.9359165424739195,
    "support": 338.0
  },
  "1": {
    "precision": 0.9300291545189504,
    "recall": 0.9437869822485208,
    "f1-score": 0.9368575624082232,
    "support": 338.0
  },
  "accuracy": 0.9363905325443787,
  "macro avg": {
    "precision": 0.9364860487309467,
    "recall": 0.9363905325443787,
    "f1-score": 0.9363870524410713,
    "support": 676.0
  },
  "weighted avg": {
    "precision": 0.9364860487309465,
    "recall": 0.9363905325443787,
    "f1-score": 0.9363870524410713,
    "support": 676.0
  }
}