{
  "0": {
    "precision": 0.8666666666666667,
    "recall": 0.07692307692307693,
    "f1-score": 0.14130434782608695,
    "support": 338.0
  },
  "1": {
    "precision": 0.3665768194070081,
    "recall": 0.40236686390532544,
    "f1-score": 0.383638928067701,
    "support": 338.0
  },
  "2": {
    "precision": 0.0,
    "recall": 0.0,
    "f1-score": 0.0,
    "support": 0.0
  },
  "accuracy": 0.23964497041420119,
  "macro avg": {
    "precision": 0.41108116202455824,
    "recall": 0.15976331360946747,
    "f1-score": 0.174981091964596,
    "support": 676.0
  },
  "weighted avg": {
    "precision": 0.6166217430368374,
    "recall": 0.23964497041420119,
    "f1-score": 0.26247163794689404,
    "support": 676.0
  }
}