{
  "0": {
    "precision": 0.9219858156028369,
    "recall": 0.7692307692307693,
    "f1-score": 0.8387096774193549,
    "support": 338.0
  },
  "1": {
    "precision": 0.5227272727272727,
    "recall": 0.20414201183431951,
    "f1-score": 0.2936170212765957,
    "support": 338.0
  },
  "2": {
    "precision": 0.0,
    "recall": 0.0,
    "f1-score": 0.0,
    "support": 0.0
  },
  "accuracy": 0.48668639053254437,
  "macro avg": {
    "precision": 0.4815710294433699,
    "recall": 0.3244575936883629,
    "f1-score": 0.3774422328986502,
    "support": 676.0
  },
  "weighted avg": {
    "precision": 0.7223565441650548,
    "recall": 0.48668639053254437,
    "f1-score": 0.5661633493479753,
    "support": 676.0
  }
}