{
  "0": {
    "precision": 0.8371428571428572,
    "recall": 0.8668639053254438,
    "f1-score": 0.8517441860465116,
    "support": 338.0
  },
  "1": {
    "precision": 0.8615384615384616,
    "recall": 0.8308605341246291,
    "f1-score": 0.8459214501510574,
    "support": 337.0
  },
  "accuracy": 0.8488888888888889,
  "macro avg": {
    "precision": 0.8493406593406594,
    "recall": 0.8488622197250364,
    "f1-score": 0.8488328180987845,
    "support": 675.0
  },
  "weighted avg": {
    "precision": 0.8493225885225886,
    "recall": 0.8488888888888889,
    "f1-score": 0.8488371312364846,
    "support": 675.0
  }
}