{
  "0": {
    "precision": 0.7284768211920529,
    "recall": 0.6528189910979229,
    "f1-score": 0.6885758998435054,
    "support": 337.0
  },
  "1": {
    "precision": 0.6846361185983828,
    "recall": 0.7559523809523809,
    "f1-score": 0.7185289957567186,
    "support": 336.0
  },
  "accuracy": 0.7043090638930164,
  "macro avg": {
    "precision": 0.7065564698952178,
    "recall": 0.7043856860251518,
    "f1-score": 0.7035524478001121,
    "support": 673.0
  },
  "weighted avg": {
    "precision": 0.7065890409966991,
    "recall": 0.7043090638930164,
    "f1-score": 0.7035301943856148,
    "support": 673.0
  }
}