{
  "0": {
    "precision": 0.4046692607003891,
    "recall": 0.4622222222222222,
    "f1-score": 0.4315352697095436,
    "support": 225.0
  },
  "1": {
    "precision": 0.4072164948453608,
    "recall": 0.3511111111111111,
    "f1-score": 0.37708830548926014,
    "support": 225.0
  },
  "2": {
    "precision": 0.4888888888888889,
    "recall": 0.48672566371681414,
    "f1-score": 0.4878048780487805,
    "support": 226.0
  },
  "accuracy": 0.4334319526627219,
  "macro avg": {
    "precision": 0.4335915481448796,
    "recall": 0.43335299901671576,
    "f1-score": 0.4321428177491948,
    "support": 676.0
  },
  "weighted avg": {
    "precision": 0.4336733489447968,
    "recall": 0.4334319526627219,
    "f1-score": 0.4322251580750818,
    "support": 676.0
  }
}