{
  "0": {
    "precision": 0.8372093023255814,
    "recall": 0.7455621301775148,
    "f1-score": 0.7887323943661971,
    "support": 338.0
  },
  "1": {
    "precision": 0.7706666666666667,
    "recall": 0.8550295857988166,
    "f1-score": 0.8106591865357644,
    "support": 338.0
  },
  "accuracy": 0.8002958579881657,
  "macro avg": {
    "precision": 0.8039379844961241,
    "recall": 0.8002958579881657,
    "f1-score": 0.7996957904509807,
    "support": 676.0
  },
  "weighted avg": {
    "precision": 0.803937984496124,
    "recall": 0.8002958579881657,
    "f1-score": 0.7996957904509807,
    "support": 676.0
  }
}