{
  "0": {
    "precision": 0.7319148936170212,
    "recall": 0.7678571428571429,
    "f1-score": 0.7494553376906318,
    "support": 224.0
  },
  "1": {
    "precision": 0.6387665198237885,
    "recall": 0.6444444444444445,
    "f1-score": 0.6415929203539823,
    "support": 225.0
  },
  "2": {
    "precision": 0.892018779342723,
    "recall": 0.8407079646017699,
    "f1-score": 0.8656036446469249,
    "support": 226.0
  },
  "accuracy": 0.7511111111111111,
  "macro avg": {
    "precision": 0.7542333975945109,
    "recall": 0.7510031839677858,
    "f1-score": 0.7522173008971796,
    "support": 675.0
  },
  "weighted avg": {
    "precision": 0.7544705885363268,
    "recall": 0.7511111111111111,
    "f1-score": 0.7523893724630408,
    "support": 675.0
  }
}