{
  "0": {
    "precision": 0.5555555555555556,
    "recall": 0.044444444444444446,
    "f1-score": 0.0823045267489712,
    "support": 225.0
  },
  "1": {
    "precision": 0.44,
    "recall": 0.09734513274336283,
    "f1-score": 0.15942028985507245,
    "support": 226.0
  },
  "2": {
    "precision": 0.3519736842105263,
    "recall": 0.9511111111111111,
    "f1-score": 0.5138055222088835,
    "support": 225.0
  },
  "accuracy": 0.363905325443787,
  "macro avg": {
    "precision": 0.4491764132553606,
    "recall": 0.36430022943297286,
    "f1-score": 0.2518434462709757,
    "support": 676.0
  },
  "weighted avg": {
    "precision": 0.4491628386795391,
    "recall": 0.363905325443787,
    "f1-score": 0.2517067256253901,
    "support": 676.0
  }
}