{
  "0": {
    "precision": 0.39285714285714285,
    "recall": 0.44,
    "f1-score": 0.41509433962264153,
    "support": 225.0
  },
  "1": {
    "precision": 0.3402777777777778,
    "recall": 0.21777777777777776,
    "f1-score": 0.26558265582655827,
    "support": 225.0
  },
  "2": {
    "precision": 0.475,
    "recall": 0.588495575221239,
    "f1-score": 0.525691699604743,
    "support": 226.0
  },
  "accuracy": 0.4156804733727811,
  "macro avg": {
    "precision": 0.4027116402116402,
    "recall": 0.41542445099967223,
    "f1-score": 0.40212289835131426,
    "support": 676.0
  },
  "weighted avg": {
    "precision": 0.4028185756551141,
    "recall": 0.4156804733727811,
    "f1-score": 0.4023056924360087,
    "support": 676.0
  }
}