{
  "0": {
    "precision": 0.616751269035533,
    "recall": 0.7210682492581603,
    "f1-score": 0.66484268125855,
    "support": 337.0
  },
  "1": {
    "precision": 0.6630824372759857,
    "recall": 0.5505952380952381,
    "f1-score": 0.6016260162601627,
    "support": 336.0
  },
  "accuracy": 0.6359583952451708,
  "macro avg": {
    "precision": 0.6399168531557593,
    "recall": 0.6358317436766991,
    "f1-score": 0.6332343487593564,
    "support": 673.0
  },
  "weighted avg": {
    "precision": 0.6398824317826238,
    "recall": 0.6359583952451708,
    "f1-score": 0.6332813150780772,
    "support": 673.0
  }
}