{
  "0": {
    "precision": 0.6984126984126984,
    "recall": 0.7857142857142857,
    "f1-score": 0.7394957983193278,
    "support": 224.0
  },
  "1": {
    "precision": 0.6354679802955665,
    "recall": 0.5733333333333334,
    "f1-score": 0.602803738317757,
    "support": 225.0
  },
  "2": {
    "precision": 0.8636363636363636,
    "recall": 0.8407079646017699,
    "f1-score": 0.852017937219731,
    "support": 226.0
  },
  "accuracy": 0.7333333333333333,
  "macro avg": {
    "precision": 0.7325056807815429,
    "recall": 0.733251861216463,
    "f1-score": 0.731439157952272,
    "support": 675.0
  },
  "weighted avg": {
    "precision": 0.7327504565818742,
    "recall": 0.7333333333333333,
    "f1-score": 0.7316058574173095,
    "support": 675.0
  }
}