{
  "0": {
    "precision": 0.8333333333333334,
    "recall": 0.8579881656804734,
    "f1-score": 0.8454810495626822,
    "support": 338.0
  },
  "1": {
    "precision": 0.8532110091743119,
    "recall": 0.827893175074184,
    "f1-score": 0.8403614457831325,
    "support": 337.0
  },
  "accuracy": 0.8429629629629629,
  "macro avg": {
    "precision": 0.8432721712538227,
    "recall": 0.8429406703773288,
    "f1-score": 0.8429212476729073,
    "support": 675.0
  },
  "weighted avg": {
    "precision": 0.8432574470494961,
    "recall": 0.8429629629629629,
    "f1-score": 0.8429250399720033,
    "support": 675.0
  }
}