{
  "0": {
    "precision": 0.5490196078431373,
    "recall": 0.0830860534124629,
    "f1-score": 0.14432989690721648,
    "support": 337.0
  },
  "1": {
    "precision": 0.5431034482758621,
    "recall": 0.1875,
    "f1-score": 0.27876106194690264,
    "support": 336.0
  },
  "2": {
    "precision": 0.0,
    "recall": 0.0,
    "f1-score": 0.0,
    "support": 0.0
  },
  "accuracy": 0.1352154531946508,
  "macro avg": {
    "precision": 0.36404101870633315,
    "recall": 0.09019535113748763,
    "f1-score": 0.14103031961803972,
    "support": 673.0
  },
  "weighted avg": {
    "precision": 0.5460659234232197,
    "recall": 0.1352154531946508,
    "f1-score": 0.21144560486165118,
    "support": 673.0
  }
}