{
  "0": {
    "precision": 0.8934169278996865,
    "recall": 0.8431952662721893,
    "f1-score": 0.867579908675799,
    "support": 338.0
  },
  "1": {
    "precision": 0.6160714285714286,
    "recall": 0.20414201183431951,
    "f1-score": 0.30666666666666664,
    "support": 338.0
  },
  "2": {
    "precision": 0.0,
    "recall": 0.0,
    "f1-score": 0.0,
    "support": 0.0
  },
  "accuracy": 0.5236686390532544,
  "macro avg": {
    "precision": 0.5031627854903716,
    "recall": 0.34911242603550297,
    "f1-score": 0.3914155251141553,
    "support": 676.0
  },
  "weighted avg": {
    "precision": 0.7547441782355576,
    "recall": 0.5236686390532544,
    "f1-score": 0.5871232876712329,
    "support": 676.0
  }
}