{
  "0": {
    "precision": 0.7420814479638009,
    "recall": 0.486646884272997,
    "f1-score": 0.5878136200716846,
    "support": 337.0
  },
  "1": {
    "precision": 0.3624161073825503,
    "recall": 0.16071428571428573,
    "f1-score": 0.22268041237113403,
    "support": 336.0
  },
  "2": {
    "precision": 0.0,
    "recall": 0.0,
    "f1-score": 0.0,
    "support": 0.0
  },
  "accuracy": 0.32392273402674593,
  "macro avg": {
    "precision": 0.3681658517821171,
    "recall": 0.2157870566624276,
    "f1-score": 0.27016467748093953,
    "support": 673.0
  },
  "weighted avg": {
    "precision": 0.5525308470198185,
    "recall": 0.32392273402674593,
    "f1-score": 0.40551828903545134,
    "support": 673.0
  }
}