{
  "0": {
    "precision": 0.7582697201017812,
    "recall": 0.8816568047337278,
    "f1-score": 0.8153214774281806,
    "support": 338.0
  },
  "1": {
    "precision": 0.8586572438162544,
    "recall": 0.7189349112426036,
    "f1-score": 0.782608695652174,
    "support": 338.0
  },
  "accuracy": 0.8002958579881657,
  "macro avg": {
    "precision": 0.8084634819590177,
    "recall": 0.8002958579881656,
    "f1-score": 0.7989650865401773,
    "support": 676.0
  },
  "weighted avg": {
    "precision": 0.8084634819590177,
    "recall": 0.8002958579881657,
    "f1-score": 0.7989650865401773,
    "support": 676.0
  }
}