{
  "0": {
    "precision": 0.3861111111111111,
    "recall": 0.6177777777777778,
    "f1-score": 0.4752136752136752,
    "support": 225.0
  },
  "1": {
    "precision": 0.3458646616541353,
    "recall": 0.20353982300884957,
    "f1-score": 0.2562674094707521,
    "support": 226.0
  },
  "2": {
    "precision": 0.40437158469945356,
    "recall": 0.3288888888888889,
    "f1-score": 0.3627450980392157,
    "support": 225.0
  },
  "accuracy": 0.3831360946745562,
  "macro avg": {
    "precision": 0.37878245248823333,
    "recall": 0.38340216322517207,
    "f1-score": 0.364742060907881,
    "support": 676.0
  },
  "weighted avg": {
    "precision": 0.37873375753137806,
    "recall": 0.3831360946745562,
    "f1-score": 0.36458159544717517,
    "support": 676.0
  }
}