{
  "0": {
    "precision": 0.7136563876651982,
    "recall": 0.47928994082840237,
    "f1-score": 0.5734513274336284,
    "support": 338.0
  },
  "1": {
    "precision": 0.4296875,
    "recall": 0.16272189349112426,
    "f1-score": 0.23605150214592274,
    "support": 338.0
  },
  "2": {
    "precision": 0.0,
    "recall": 0.0,
    "f1-score": 0.0,
    "support": 0.0
  },
  "accuracy": 0.3210059171597633,
  "macro avg": {
    "precision": 0.3811146292217327,
    "recall": 0.21400394477317555,
    "f1-score": 0.26983427652651704,
    "support": 676.0
  },
  "weighted avg": {
    "precision": 0.5716719438325991,
    "recall": 0.3210059171597633,
    "f1-score": 0.40475141478977555,
    "support": 676.0
  }
}