{
  "0": {
    "precision": 0.9427710843373494,
    "recall": 0.9260355029585798,
    "f1-score": 0.9343283582089552,
    "support": 338.0
  },
  "1": {
    "precision": 0.9273255813953488,
    "recall": 0.9437869822485208,
    "f1-score": 0.9354838709677419,
    "support": 338.0
  },
  "accuracy": 0.9349112426035503,
  "macro avg": {
    "precision": 0.935048332866349,
    "recall": 0.9349112426035503,
    "f1-score": 0.9349061145883486,
    "support": 676.0
  },
  "weighted avg": {
    "precision": 0.9350483328663491,
    "recall": 0.9349112426035503,
    "f1-score": 0.9349061145883486,
    "support": 676.0
  }
}